congdist,congvotes,turnout
1,258771.11885537312,0.6789587097273185
2,282803.64205164986,0.6588752632032981
3,305077.02932870534,0.6851423007980929
4,275145.3615102519,0.6711458040593355
5,279661.38836331194,0.6725279991391998
6,276054.01503965846,0.6540597906745844
7,263741.24720590387,0.6952631089966763
8,281784.2535279721,0.6945411443666327
