congdist,sd
1,441.7124425393077
2,704.423772249313
3,588.7540529056622
4,707.1573044638781
5,612.2048716994268
6,749.7111742725135
7,296.6792711228946
8,463.87711532813245
